{
	"class_name" : "PinholeCameraParameters",
	"extrinsic" : 
	[
		0.89826810619632569,
		-0.12871158449152259,
		0.42017584105722705,
		0.0,
		-0.0013315980538710773,
		-0.95693779272987789,
		-0.29029000618673095,
		0.0,
		0.43944582855807079,
		0.26019874877283905,
		-0.85975809091857913,
		0.0,
		-2.7755575615628914e-17,
		-1.3877787807814457e-17,
		0.47236171262787247,
		1.0
	],
	"intrinsic" : 
	{
		"height" : 1080,
		"intrinsic_matrix" : 
		[
			935.30743608719376,
			0.0,
			0.0,
			0.0,
			935.30743608719376,
			0.0,
			959.5,
			539.5,
			1.0
		],
		"width" : 1920
	},
	"version_major" : 1,
	"version_minor" : 0
}