{
	"class_name" : "PinholeCameraParameters",
	"extrinsic" : 
	[
		-0.56482302961548247,
		-0.7986879373752328,
		0.20753921052968297,
		0.0,
		0.051613743192856242,
		-0.28519756063665636,
		-0.95707803909635436,
		0.0,
		0.82359636153252269,
		-0.52986784210612081,
		0.20230942432865881,
		0.0,
		-0.0,
		1.3877787807814457e-17,
		0.47236171262787247,
		1.0
	],
	"intrinsic" : 
	{
		"height" : 1080,
		"intrinsic_matrix" : 
		[
			935.30743608719376,
			0.0,
			0.0,
			0.0,
			935.30743608719376,
			0.0,
			959.5,
			539.5,
			1.0
		],
		"width" : 1920
	},
	"version_major" : 1,
	"version_minor" : 0
}