{
	"class_name" : "PinholeCameraParameters",
	"extrinsic" : 
	[
		-0.74133657493177518,
		-0.42275388302176131,
		0.52124776935584827,
		0.0,
		0.039599251806080447,
		-0.8028679476462055,
		-0.59484027931770778,
		0.0,
		0.66996416465720254,
		-0.42033583362876997,
		0.61193611189631869,
		0.0,
		-0.0,
		1.3877787807814457e-17,
		0.47236171262787241,
		1.0
	],
	"intrinsic" : 
	{
		"height" : 1080,
		"intrinsic_matrix" : 
		[
			935.30743608719376,
			0.0,
			0.0,
			0.0,
			935.30743608719376,
			0.0,
			959.5,
			539.5,
			1.0
		],
		"width" : 1920
	},
	"version_major" : 1,
	"version_minor" : 0
}