{
	"class_name" : "PinholeCameraParameters",
	"extrinsic" : 
	[
		-0.062172579633317529,
		-0.47867003701970479,
		0.87579082319997703,
		0.0,
		-0.0084702783100248629,
		-0.87720374448074889,
		-0.48004358661928176,
		0.0,
		0.99802947087102067,
		-0.037263740130420234,
		0.050483551226146887,
		0.0,
		-0.0,
		5.0849081889570158e-17,
		0.47236171262787247,
		1.0
	],
	"intrinsic" : 
	{
		"height" : 1080,
		"intrinsic_matrix" : 
		[
			935.30743608719376,
			0.0,
			0.0,
			0.0,
			935.30743608719376,
			0.0,
			959.5,
			539.5,
			1.0
		],
		"width" : 1920
	},
	"version_major" : 1,
	"version_minor" : 0
}