{
	"class_name" : "PinholeCameraParameters",
	"extrinsic" : 
	[
		-0.94170441243166148,
		0.14869106658791503,
		-0.30180087197304045,
		0.0,
		-0.0028359633726598027,
		-0.90051481969820446,
		-0.43481607239804188,
		0.0,
		-0.3364294233839964,
		-0.40861231775468843,
		0.84844046158858633,
		0.0,
		-5.5511151231257827e-17,
		-2.7755575615628914e-17,
		0.47236171262787241,
		1.0
	],
	"intrinsic" : 
	{
		"height" : 1080,
		"intrinsic_matrix" : 
		[
			935.30743608719376,
			0.0,
			0.0,
			0.0,
			935.30743608719376,
			0.0,
			959.5,
			539.5,
			1.0
		],
		"width" : 1920
	},
	"version_major" : 1,
	"version_minor" : 0
}