{
	"class_name" : "PinholeCameraParameters",
	"extrinsic" : 
	[
		-0.055041733712348231,
		0.59026730199028976,
		-0.80532907544124055,
		0.0,
		0.0027232858381383836,
		-0.80646001725561489,
		-0.59128235580162314,
		0.0,
		-0.99848034095027771,
		-0.034738347243033089,
		0.04278149093521301,
		0.0,
		3.4694469519536142e-18,
		-2.1792463666958639e-17,
		0.47236171262787247,
		1.0
	],
	"intrinsic" : 
	{
		"height" : 1080,
		"intrinsic_matrix" : 
		[
			935.30743608719376,
			0.0,
			0.0,
			0.0,
			935.30743608719376,
			0.0,
			959.5,
			539.5,
			1.0
		],
		"width" : 1920
	},
	"version_major" : 1,
	"version_minor" : 0
}