{
	"class_name" : "PinholeCameraParameters",
	"extrinsic" : 
	[
		0.99882364047467531,
		-0.043448105733052494,
		0.021531310622581366,
		0.0,
		-0.030081395520849978,
		-0.90345447497505993,
		-0.42762731588505576,
		0.0,
		0.038032155768964515,
		0.42647658054780518,
		-0.90369866735091342,
		0.0,
		-3.4694469519536142e-18,
		0.0,
		0.47236171262787247,
		1.0
	],
	"intrinsic" : 
	{
		"height" : 1080,
		"intrinsic_matrix" : 
		[
			935.30743608719376,
			0.0,
			0.0,
			0.0,
			935.30743608719376,
			0.0,
			959.5,
			539.5,
			1.0
		],
		"width" : 1920
	},
	"version_major" : 1,
	"version_minor" : 0
}