{
	"class_name" : "PinholeCameraParameters",
	"extrinsic" : 
	[
		-0.99805030640170855,
		-0.056451736047566425,
		0.026623061219020298,
		0.0,
		0.0326412553686629,
		-0.83565949459240685,
		-0.54827708099602424,
		0.0,
		0.053199006940106965,
		-0.54633909854117069,
		0.83587287015778156,
		0.0,
		-3.4694469519536142e-18,
		2.7755575615628914e-17,
		0.47236171262787241,
		1.0
	],
	"intrinsic" : 
	{
		"height" : 1080,
		"intrinsic_matrix" : 
		[
			935.30743608719376,
			0.0,
			0.0,
			0.0,
			935.30743608719376,
			0.0,
			959.5,
			539.5,
			1.0
		],
		"width" : 1920
	},
	"version_major" : 1,
	"version_minor" : 0
}