{
	"class_name" : "PinholeCameraParameters",
	"extrinsic" : 
	[
		0.85403620309056327,
		0.16176311601990442,
		-0.49442376369485452,
		0.0,
		-0.010401601820139078,
		-0.94492458689753289,
		-0.32712280837034641,
		0.0,
		-0.52010957546485315,
		0.28451752032530092,
		-0.80531721087886377,
		0.0,
		-0.0,
		1.3877787807814457e-17,
		0.47236171262787235,
		1.0
	],
	"intrinsic" : 
	{
		"height" : 1080,
		"intrinsic_matrix" : 
		[
			935.30743608719376,
			0.0,
			0.0,
			0.0,
			935.30743608719376,
			0.0,
			959.5,
			539.5,
			1.0
		],
		"width" : 1920
	},
	"version_major" : 1,
	"version_minor" : 0
}