{
	"class_name" : "PinholeCameraParameters",
	"extrinsic" : 
	[
		0.028230276380281,
		-0.59106421405714449,
		0.80613035320381232,
		0.0,
		0.0013445796610419157,
		-0.80642858452345767,
		-0.59132996725096532,
		0.0,
		0.99960054201717397,
		0.01777731488450365,
		-0.021970968901465045,
		0.0,
		-0.0038488868765041116,
		0.035770114411730697,
		0.4108094786883198,
		1.0
	],
	"intrinsic" : 
	{
		"height" : 1080,
		"intrinsic_matrix" : 
		[
			935.30743608719376,
			0.0,
			0.0,
			0.0,
			935.30743608719376,
			0.0,
			959.5,
			539.5,
			1.0
		],
		"width" : 1920
	},
	"version_major" : 1,
	"version_minor" : 0
}