{
	"class_name" : "PinholeCameraParameters",
	"extrinsic" : 
	[
		0.9969428414101249,
		0.017783005022649692,
		0.076083741321462436,
		0.0,
		0.071468166518227724,
		-0.60110501896662338,
		-0.79596800020331115,
		0.0,
		0.031579615824605431,
		0.79897216528831594,
		-0.60053826435862556,
		0.0,
		0.00061147677490542077,
		0.025493507735150217,
		0.41976075619544806,
		1.0
	],
	"intrinsic" : 
	{
		"height" : 1080,
		"intrinsic_matrix" : 
		[
			935.30743608719376,
			0.0,
			0.0,
			0.0,
			935.30743608719376,
			0.0,
			959.5,
			539.5,
			1.0
		],
		"width" : 1920
	},
	"version_major" : 1,
	"version_minor" : 0
}