{
	"class_name" : "PinholeCameraParameters",
	"extrinsic" : 
	[
		0.83086811873882827,
		-0.38948710675052362,
		0.39743925691671006,
		0.0,
		-0.054439510211171979,
		-0.76768259473517608,
		-0.63851372222422542,
		0.0,
		0.5538000622890612,
		0.50888429668813107,
		-0.65904648060122306,
		0.0,
		0.0038630771378490858,
		0.032848166448742083,
		0.41384425867744778,
		1.0
	],
	"intrinsic" : 
	{
		"height" : 1080,
		"intrinsic_matrix" : 
		[
			935.30743608719376,
			0.0,
			0.0,
			0.0,
			935.30743608719376,
			0.0,
			959.5,
			539.5,
			1.0
		],
		"width" : 1920
	},
	"version_major" : 1,
	"version_minor" : 0
}