{
	"class_name" : "PinholeCameraParameters",
	"extrinsic" : 
	[
		-0.84585388286637087,
		-0.32322731846369712,
		0.42432924650399911,
		0.0,
		-0.073025926934778371,
		-0.71783616949399742,
		-0.69237161103088396,
		0.0,
		0.52839230012860738,
		-0.61663225212840833,
		0.58358053668696575,
		0.0,
		-0.0020977838546012428,
		0.035149406879967926,
		0.54142642936273955,
		1.0
	],
	"intrinsic" : 
	{
		"height" : 1080,
		"intrinsic_matrix" : 
		[
			935.30743608719376,
			0.0,
			0.0,
			0.0,
			935.30743608719376,
			0.0,
			959.5,
			539.5,
			1.0
		],
		"width" : 1920
	},
	"version_major" : 1,
	"version_minor" : 0
}