{
	"class_name" : "PinholeCameraParameters",
	"extrinsic" : 
	[
		0.086387520954333455,
		0.7172480058793993,
		-0.6914423289656122,
		0.0,
		0.033368582387670036,
		-0.69573060871172687,
		-0.71752732199620628,
		0.0,
		-0.99570263328606401,
		0.038912956243842556,
		-0.084035991715234251,
		0.0,
		0.0026601696130127694,
		0.035849070480360547,
		0.4108425214031704,
		1.0
	],
	"intrinsic" : 
	{
		"height" : 1080,
		"intrinsic_matrix" : 
		[
			935.30743608719376,
			0.0,
			0.0,
			0.0,
			935.30743608719376,
			0.0,
			959.5,
			539.5,
			1.0
		],
		"width" : 1920
	},
	"version_major" : 1,
	"version_minor" : 0
}