{
	"class_name" : "PinholeCameraParameters",
	"extrinsic" : 
	[
		-0.96451484848200764,
		0.23274956546160336,
		-0.12465450988698588,
		0.0,
		-0.0373423104041017,
		-0.58763243963611689,
		-0.80826583977116662,
		0.0,
		-0.26137455674073096,
		-0.77492951657859843,
		0.57547161999862884,
		0.0,
		-0.0012003980583308593,
		0.031887659642507504,
		0.54468732549835175,
		1.0
	],
	"intrinsic" : 
	{
		"height" : 1080,
		"intrinsic_matrix" : 
		[
			935.30743608719376,
			0.0,
			0.0,
			0.0,
			935.30743608719376,
			0.0,
			959.5,
			539.5,
			1.0
		],
		"width" : 1920
	},
	"version_major" : 1,
	"version_minor" : 0
}