{
	"class_name" : "PinholeCameraParameters",
	"extrinsic" : 
	[
		0.85208118199878524,
		0.41475915748955378,
		-0.31926869649577094,
		0.0,
		0.053678439688093854,
		-0.67600818456073752,
		-0.73493643229843186,
		0.0,
		-0.52064986737365526,
		0.60908765845767343,
		-0.59827747736175374,
		0.0,
		0.0030119060650122126,
		0.031434578643540739,
		0.41521737874301912,
		1.0
	],
	"intrinsic" : 
	{
		"height" : 1080,
		"intrinsic_matrix" : 
		[
			935.30743608719376,
			0.0,
			0.0,
			0.0,
			935.30743608719376,
			0.0,
			959.5,
			539.5,
			1.0
		],
		"width" : 1920
	},
	"version_major" : 1,
	"version_minor" : 0
}