{
	"class_name" : "PinholeCameraParameters",
	"extrinsic" : 
	[
		-0.64542361058319475,
		0.62154140856082163,
		-0.44397594568397775,
		0.0,
		-0.14968542551844197,
		-0.67290493890455916,
		-0.7244261291430717,
		0.0,
		-0.74901444331141942,
		-0.4011049995226702,
		0.52734442546480309,
		0.0,
		0.0073580140607884814,
		0.036086711777888872,
		0.53957258156368781,
		1.0
	],
	"intrinsic" : 
	{
		"height" : 1080,
		"intrinsic_matrix" : 
		[
			935.30743608719376,
			0.0,
			0.0,
			0.0,
			935.30743608719376,
			0.0,
			959.5,
			539.5,
			1.0
		],
		"width" : 1920
	},
	"version_major" : 1,
	"version_minor" : 0
}