{
	"class_name" : "PinholeCameraParameters",
	"extrinsic" : 
	[
		-0.36100174895094983,
		-0.88813422567436184,
		0.28442105133086992,
		0.0,
		0.057497327829062916,
		-0.32560477001246479,
		-0.94375610781475072,
		0.0,
		0.93079095104479437,
		-0.32434415507440839,
		0.16860923617108128,
		0.0,
		-0.0078578680312054866,
		0.013047494187306271,
		0.55440196033299649,
		1.0
	],
	"intrinsic" : 
	{
		"height" : 1080,
		"intrinsic_matrix" : 
		[
			935.30743608719376,
			0.0,
			0.0,
			0.0,
			935.30743608719376,
			0.0,
			959.5,
			539.5,
			1.0
		],
		"width" : 1920
	},
	"version_major" : 1,
	"version_minor" : 0
}